X1,X2,X3,X4,X5
3.1289541540590617,-0.9023734320908611,2.527922378482373,-1.3416407864998765,-0.03827438982253018
3.1289541540590218,-0.9023734320908485,2.5279223784823657,-0.44721359549996,-0.03827438982252961
3.1289541540590133,-0.9023734320908585,2.5279223784823692,0.44721359549995765,-0.03827438982252181
3.12895415405902,-0.9023734320908571,2.527922378482368,1.3416407864998712,-0.0382743898225322
2.3555618471923436,-0.14166726022097048,2.5279223784823723,-1.3416407864998725,-0.038274389822527954
2.3555618471923427,-0.14166726022097262,2.5279223784823723,-0.4472135954999568,-0.03827438982252933
2.3555618471923436,-0.14166726022097326,2.527922378482372,0.4472135954999587,-0.03827438982252993
2.3555618471923436,-0.14166726022097517,2.527922378482371,1.3416407864998745,-0.03827438982252942
1.7358893205227572,-0.5990483455823052,2.527922378482371,-1.341640786499874,-0.03827438982252932
1.735889320522757,-0.5990483455823071,2.527922378482371,-0.44721359549995815,-0.03827438982252931
1.735889320522757,-0.5990483455823082,2.527922378482371,0.4472135954999574,-0.03827438982252893
1.735889320522757,-0.5990483455823101,2.52792237848237,1.3416407864998738,-0.03827438982252882
1.4268519581681716,0.0605494641180634,2.5279223784823746,-1.3416407864998736,-0.03827438982252922
1.426851958168172,0.06054946411806206,2.5279223784823732,-0.4472135954999574,-0.03827438982252931
1.426851958168172,0.06054946411806069,2.527922378482373,0.4472135954999584,-0.038274389822529606
1.4268519581681718,0.06054946411805923,2.527922378482372,1.3416407864998747,-0.038274389822529765
1.1647314475490236,0.6969954469833961,2.5279223784823754,-1.341640786499873,-0.038274389822529745
1.1647314475490238,0.6969954469833947,2.527922378482375,-0.44721359549995693,-0.0382743898225294
1.1647314475490238,0.6969954469833938,2.5279223784823746,0.4472135954999591,-0.03827438982252984
1.1647314475490236,0.696995446983392,2.527922378482374,1.3416407864998747,-0.03827438982252943
1.2132461012448759,2.4504203249104326,2.527922378482382,-1.3416407864998703,-0.03827438982253067
1.213246101244876,2.4504203249104317,2.527922378482381,-0.44721359549995443,-0.03827438982253009
1.2132461012448759,2.4504203249104313,2.5279223784823803,0.44721359549996154,-0.03827438982253029
1.2132461012448759,2.450420324910429,2.52792237848238,1.3416407864998776,-0.03827438982253004
-1.236974188599505,-1.8249171922087626,2.5279223784823674,-1.3416407864998747,-0.03827438982252938
-1.2369741885995047,-1.8249171922087641,2.527922378482367,-0.4472135954999587,-0.038274389822529314
-1.2369741885995047,-1.824917192208766,2.5279223784823674,0.4472135954999576,-0.03827438982252891
-1.2369741885995045,-1.824917192208767,2.527922378482366,1.341640786499873,-0.03827438982252912
-1.4990946992186531,-1.1884712093434298,2.52792237848237,-1.3416407864998743,-0.03827438982252971
-1.4990946992186536,-1.1884712093434313,2.52792237848237,-0.44721359549995804,-0.03827438982252893
-1.4990946992186533,-1.1884712093434329,2.5279223784823692,0.44721359549995776,-0.038274389822529085
-1.4990946992186536,-1.1884712093434342,2.5279223784823692,1.3416407864998738,-0.03827438982252926
-1.7142983581023647,-0.5751770533131327,2.527922378482371,-1.341640786499874,-0.038274389822529925
-1.7142983581023643,-0.575177053313134,2.527922378482371,-0.44721359549995765,-0.03827438982252954
-1.7142983581023643,-0.5751770533131355,2.5279223784823706,0.44721359549995787,-0.0382743898225295
-1.7142983581023647,-0.5751770533131368,2.52792237848237,1.3416407864998738,-0.03827438982252935
-1.9764188687215127,0.06126892955219994,2.5279223784823732,-1.3416407864998727,-0.038274389822530036
-1.9764188687215127,0.06126892955219845,2.5279223784823732,-0.4472135954999571,-0.03827438982252933
-1.9764188687215127,0.0612689295521972,2.5279223784823723,0.44721359549995904,-0.03827438982252968
-1.9764188687215125,0.06126892955219632,2.527922378482372,1.341640786499875,-0.038274389822529814
-2.1916225276052237,0.6745630855824968,2.527922378482376,-1.341640786499873,-0.038274389822529765
-2.191622527605224,0.6745630855824954,2.5279223784823754,-0.44721359549995693,-0.03827438982252937
-2.191622527605224,0.6745630855824942,2.5279223784823746,0.4472135954999591,-0.03827438982252934
-2.191622527605224,0.674563085582493,2.5279223784823737,1.341640786499875,-0.03827438982252965
-2.406826186488935,1.2878572416127942,2.5279223784823777,-1.3416407864998723,-0.038274389822529266
-2.406826186488934,1.2878572416127938,2.5279223784823768,-0.4472135954999563,-0.0382743898225295
-2.4068261864889346,1.2878572416127918,2.5279223784823763,0.4472135954999596,-0.03827438982252934
-2.4068261864889346,1.2878572416127902,2.527922378482376,1.3416407864998756,-0.0382743898225294
3.128954154059015,-0.9023734320908534,1.540584715425177,-1.341640786499874,-0.11318653526020286
3.128954154059015,-0.902373432090855,1.540584715425177,-0.4472135954999584,-0.11318653526020236
3.1289541540590147,-0.9023734320908566,1.5405847154251766,0.4472135954999576,-0.1131865352602022
3.128954154059015,-0.9023734320908574,1.5405847154251757,1.3416407864998734,-0.11318653526020248
2.3555618471923436,-0.14166726022096726,1.5405847154251795,-1.3416407864998734,-0.1131865352602029
2.3555618471923436,-0.14166726022096898,1.5405847154251793,-0.4472135954999576,-0.11318653526020223
2.3555618471923436,-0.1416672602209706,1.5405847154251786,0.4472135954999584,-0.11318653526020232
2.3555618471923436,-0.14166726022097134,1.5405847154251777,1.341640786499874,-0.11318653526020273
1.7358893205227577,-0.5990483455823026,1.540584715425178,-1.3416407864998743,-0.11318653526020203
1.7358893205227577,-0.5990483455823035,1.540584715425177,-0.44721359549995854,-0.11318653526020232
1.7358893205227572,-0.5990483455823051,1.5405847154251768,0.4472135954999575,-0.11318653526020243
1.7358893205227572,-0.5990483455823068,1.5405847154251764,1.3416407864998734,-0.11318653526020227
1.426851958168172,0.06054946411806693,1.54058471542518,-1.341640786499874,-0.11318653526020256
1.426851958168172,0.060549464118065256,1.5405847154251795,-0.44721359549995787,-0.11318653526020259
1.4268519581681722,0.06054946411806386,1.5405847154251788,0.44721359549995826,-0.11318653526020235
1.4268519581681722,0.060549464118062835,1.5405847154251782,1.3416407864998738,-0.11318653526020268
1.164731447549024,0.6969954469833994,1.540584715425182,-1.341640786499873,-0.11318653526020273
1.1647314475490238,0.696995446983398,1.5405847154251817,-0.447213595499957,-0.11318653526020254
1.164731447549024,0.6969954469833964,1.540584715425181,0.4472135954999588,-0.11318653526020248
1.1647314475490238,0.6969954469833954,1.5405847154251802,1.3416407864998745,-0.11318653526020254
1.2132461012448759,2.4504203249104353,1.540584715425188,-1.3416407864998703,-0.11318653526020288
1.2132461012448763,2.450420324910435,1.5405847154251877,-0.4472135954999546,-0.11318653526020275
1.213246101244876,2.4504203249104335,1.5405847154251868,0.4472135954999613,-0.11318653526020327
1.2132461012448768,2.450420324910433,1.5405847154251862,1.341640786499877,-0.11318653526020339
-1.2369741885995045,-1.82491719220876,1.5405847154251746,-1.3416407864998752,-0.11318653526020189
-1.2369741885995047,-1.8249171922087608,1.5405847154251735,-0.4472135954999589,-0.1131865352602026
-1.2369741885995043,-1.8249171922087621,1.5405847154251728,0.4472135954999567,-0.11318653526020268
-1.236974188599504,-1.824917192208764,1.5405847154251726,1.3416407864998725,-0.11318653526020223
-1.4990946992186531,-1.1884712093434266,1.540584715425176,-1.3416407864998743,-0.11318653526020252
-1.4990946992186531,-1.188471209343428,1.5405847154251757,-0.44721359549995826,-0.11318653526020231
-1.499094699218653,-1.1884712093434295,1.540584715425175,0.44721359549995765,-0.1131865352602022
-1.499094699218653,-1.1884712093434306,1.5405847154251744,1.3416407864998732,-0.11318653526020231
-1.714298358102364,-0.5751770533131295,1.5405847154251782,-1.3416407864998743,-0.11318653526020243
-1.714298358102364,-0.5751770533131312,1.5405847154251777,-0.44721359549995787,-0.11318653526020216
-1.714298358102364,-0.5751770533131325,1.540584715425177,0.44721359549995787,-0.11318653526020239
-1.7142983581023643,-0.5751770533131338,1.5405847154251766,1.341640786499874,-0.11318653526020259
-1.9764188687215125,0.061268929552202936,1.5405847154251806,-1.3416407864998734,-0.11318653526020245
-1.9764188687215125,0.061268929552201826,1.5405847154251797,-0.4472135954999574,-0.11318653526020252
-1.976418868721512,0.06126892955220082,1.5405847154251795,0.44721359549995854,-0.11318653526020231
-1.976418868721512,0.06126892955219959,1.5405847154251788,1.3416407864998745,-0.11318653526020249
-2.1916225276052232,0.6745630855825008,1.5405847154251817,-1.341640786499873,-0.11318653526020292
-2.1916225276052237,0.6745630855824986,1.5405847154251817,-0.447213595499957,-0.11318653526020228
-2.1916225276052237,0.6745630855824971,1.5405847154251808,0.4472135954999589,-0.11318653526020236
-2.1916225276052237,0.6745630855824962,1.5405847154251802,1.3416407864998745,-0.11318653526020267
-2.4068261864889355,1.2878572416127971,1.5405847154251837,-1.3416407864998727,-0.1131865352602024
-2.406826186488935,1.2878572416127962,1.5405847154251833,-0.44721359549995643,-0.11318653526020232
-2.4068261864889346,1.287857241612795,1.5405847154251826,0.4472135954999594,-0.11318653526020235
-2.4068261864889346,1.287857241612794,1.540584715425182,1.341640786499875,-0.11318653526020268
3.1289541540590147,-0.9023734320908523,1.0843719566154177,-1.3416407864998743,0.3430262235495592
3.128954154059015,-0.9023734320908534,1.0843719566154166,-0.44721359549995837,0.343026223549559
3.128954154059015,-0.902373432090855,1.0843719566154164,0.44721359549995726,0.3430262235495589
3.1289541540590156,-0.9023734320908556,1.0843719566154155,1.341640786499873,0.3430262235495584
2.3555618471923436,-0.14166726022096598,1.0843719566154195,-1.3416407864998734,0.3430262235495585
2.3555618471923436,-0.14166726022096726,1.084371956615419,-0.44721359549995765,0.3430262235495587
2.3555618471923436,-0.14166726022096873,1.0843719566154184,0.44721359549995826,0.3430262235495585
2.355561847192344,-0.14166726022096998,1.0843719566154175,1.3416407864998743,0.3430262235495584
1.7358893205227581,-0.5990483455823008,1.0843719566154182,-1.3416407864998747,0.34302622354955936
1.7358893205227581,-0.5990483455823024,1.0843719566154173,-0.44721359549995865,0.3430262235495593
1.7358893205227577,-0.5990483455823034,1.0843719566154166,0.4472135954999572,0.343026223549559
1.7358893205227581,-0.599048345582305,1.0843719566154157,1.3416407864998732,0.34302622354955914
1.4268519581681722,0.06054946411806833,1.08437195661542,-1.341640786499874,0.343026223549559
1.426851958168172,0.06054946411806686,1.0843719566154193,-0.44721359549995765,0.34302622354955886
1.426851958168172,0.06054946411806555,1.0843719566154189,0.44721359549995826,0.3430262235495588
1.4268519581681722,0.06054946411806493,1.084371956615418,1.3416407864998736,0.34302622354955864
1.164731447549024,0.696995446983401,1.0843719566154217,-1.341640786499873,0.34302622354955864
1.164731447549024,0.6969954469833995,1.0843719566154215,-0.4472135954999572,0.3430262235495588
1.164731447549024,0.6969954469833988,1.0843719566154209,0.44721359549995865,0.3430262235495587
1.1647314475490245,0.6969954469833977,1.08437195661542,1.3416407864998743,0.3430262235495586
1.213246101244876,2.450420324910437,1.0843719566154277,-1.34164078649987,0.3430262235495581
1.2132461012448763,2.450420324910437,1.084371956615427,-0.44721359549995476,0.3430262235495584
1.2132461012448768,2.4504203249104353,1.0843719566154266,0.4472135954999612,0.34302622354955786
1.2132461012448765,2.4504203249104335,1.084371956615426,1.341640786499877,0.34302622354955803
-1.2369741885995043,-1.824917192208758,1.084371956615414,-1.341640786499875,0.34302622354955886
-1.2369741885995043,-1.8249171922087593,1.0843719566154135,-0.4472135954999591,0.3430262235495588
-1.236974188599504,-1.8249171922087608,1.0843719566154133,0.44721359549995693,0.3430262235495591
-1.2369741885995043,-1.8249171922087624,1.0843719566154126,1.3416407864998727,0.34302622354955914
-1.4990946992186531,-1.1884712093434253,1.0843719566154166,-1.3416407864998745,0.34302622354955925
-1.4990946992186531,-1.1884712093434264,1.0843719566154157,-0.44721359549995854,0.3430262235495588
-1.4990946992186531,-1.188471209343428,1.0843719566154153,0.4472135954999576,0.34302622354955903
-1.4990946992186527,-1.1884712093434286,1.0843719566154142,1.3416407864998727,0.3430262235495584
-1.714298358102364,-0.5751770533131281,1.0843719566154182,-1.3416407864998743,0.34302622354955903
-1.7142983581023636,-0.5751770533131294,1.0843719566154173,-0.44721359549995787,0.343026223549559
-1.7142983581023643,-0.5751770533131307,1.0843719566154169,0.44721359549995776,0.3430262235495589
-1.714298358102364,-0.5751770533131318,1.0843719566154164,1.3416407864998736,0.343026223549559
-1.9764188687215125,0.061268929552204796,1.0843719566154204,-1.3416407864998738,0.34302622354955886
-1.976418868721512,0.0612689295522035,1.0843719566154193,-0.4472135954999574,0.34302622354955886
-1.9764188687215125,0.06126892955220243,1.0843719566154189,0.44721359549995837,0.3430262235495588
-1.9764188687215125,0.061268929552201035,1.0843719566154182,1.3416407864998743,0.3430262235495588
-2.1916225276052237,0.674563085582502,1.0843719566154215,-1.3416407864998732,0.3430262235495587
-2.1916225276052237,0.6745630855825004,1.084371956615421,-0.447213595499957,0.3430262235495588
-2.1916225276052237,0.6745630855824986,1.0843719566154206,0.4472135954999587,0.34302622354955886
-2.1916225276052232,0.6745630855824983,1.0843719566154197,1.3416407864998743,0.3430262235495584
-2.406826186488935,1.287857241612799,1.084371956615424,-1.3416407864998727,0.3430262235495591
-2.4068261864889346,1.2878572416127978,1.0843719566154228,-0.4472135954999566,0.3430262235495586
-2.4068261864889346,1.2878572416127962,1.0843719566154224,0.4472135954999592,0.3430262235495586
-2.4068261864889346,1.2878572416127954,1.0843719566154217,1.341640786499875,0.34302622354955836
3.128954154059015,-0.9023734320908502,0.6281591978056572,-1.3416407864998743,0.7992389823593202
3.128954154059015,-0.9023734320908515,0.6281591978056567,-0.44721359549995854,0.7992389823593203
3.1289541540590147,-0.9023734320908533,0.6281591978056558,0.4472135954999574,0.7992389823593202
3.1289541540590156,-0.9023734320908542,0.6281591978056551,1.3416407864998734,0.7992389823593202
2.3555618471923436,-0.14166726022096437,0.6281591978056592,-1.3416407864998736,0.7992389823593197
2.3555618471923436,-0.14166726022096576,0.6281591978056589,-0.44721359549995765,0.7992389823593202
2.355561847192344,-0.14166726022096718,0.6281591978056582,0.44721359549995826,0.7992389823593199
2.3555618471923445,-0.14166726022096837,0.6281591978056573,1.341640786499874,0.7992389823593196
1.7358893205227577,-0.5990483455822991,0.6281591978056574,-1.3416407864998747,0.7992389823593206
1.7358893205227581,-0.5990483455823007,0.6281591978056569,-0.4472135954999588,0.7992389823593202
1.7358893205227581,-0.599048345582302,0.6281591978056563,0.4472135954999572,0.7992389823593203
1.7358893205227581,-0.5990483455823031,0.6281591978056557,1.3416407864998727,0.7992389823593202
1.4268519581681722,0.060549464118070113,0.6281591978056594,-1.3416407864998738,0.79923898235932
1.426851958168172,0.06054946411806847,0.628159197805659,-0.44721359549995776,0.7992389823593202
1.4268519581681725,0.060549464118067366,0.6281591978056583,0.447213595499958,0.7992389823593199
1.4268519581681722,0.060549464118065964,0.6281591978056577,1.3416407864998738,0.7992389823593199
1.1647314475490242,0.6969954469834028,0.6281591978056615,-1.3416407864998734,0.7992389823593199
1.164731447549024,0.6969954469834012,0.6281591978056612,-0.4472135954999572,0.7992389823593199
1.164731447549024,0.6969954469833999,0.6281591978056603,0.44721359549995865,0.7992389823593199
1.1647314475490242,0.6969954469833989,0.6281591978056598,1.3416407864998743,0.7992389823593199
1.213246101244876,2.4504203249104393,0.6281591978056679,-1.3416407864998703,0.7992389823593196
1.2132461012448765,2.450420324910438,0.6281591978056672,-0.44721359549995476,0.7992389823593196
1.2132461012448768,2.450420324910437,0.6281591978056664,0.44721359549996104,0.7992389823593196
1.2132461012448768,2.450420324910435,0.6281591978056658,1.341640786499877,0.7992389823593192
-1.2369741885995043,-1.8249171922087561,0.6281591978056539,-1.3416407864998752,0.7992389823593199
-1.236974188599504,-1.8249171922087575,0.6281591978056529,-0.4472135954999591,0.79923898235932
-1.2369741885995047,-1.824917192208759,0.6281591978056528,0.44721359549995693,0.7992389823593202
-1.2369741885995038,-1.8249171922087606,0.6281591978056524,1.3416407864998727,0.7992389823593206
-1.4990946992186531,-1.1884712093434235,0.6281591978056558,-1.3416407864998743,0.79923898235932
-1.4990946992186531,-1.1884712093434249,0.6281591978056553,-0.44721359549995837,0.7992389823593202
-1.4990946992186527,-1.188471209343426,0.6281591978056548,0.44721359549995726,0.7992389823593199
-1.4990946992186525,-1.1884712093434273,0.628159197805654,1.341640786499873,0.79923898235932
-1.7142983581023643,-0.5751770533131265,0.628159197805658,-1.3416407864998743,0.7992389823593203
-1.7142983581023643,-0.5751770533131281,0.6281591978056572,-0.44721359549995804,0.7992389823593202
-1.7142983581023632,-0.5751770533131292,0.6281591978056567,0.44721359549995776,0.79923898235932
-1.7142983581023632,-0.5751770533131304,0.628159197805656,1.3416407864998736,0.79923898235932
-1.976418868721512,0.06126892955220616,0.62815919780566,-1.3416407864998734,0.7992389823593202
-1.976418868721512,0.061268929552205066,0.6281591978056592,-0.4472135954999576,0.79923898235932
-1.976418868721512,0.0612689295522038,0.6281591978056585,0.44721359549995826,0.79923898235932
-1.9764188687215116,0.06126892955220249,0.628159197805658,1.3416407864998743,0.7992389823593202
-2.1916225276052237,0.6745630855825033,0.6281591978056612,-1.3416407864998727,0.7992389823593197
-2.1916225276052232,0.6745630855825018,0.628159197805661,-0.4472135954999572,0.79923898235932
-2.1916225276052237,0.674563085582501,0.6281591978056603,0.44721359549995865,0.7992389823593199
-2.191622527605223,0.6745630855824998,0.6281591978056594,1.3416407864998743,0.7992389823593197
-2.406826186488934,1.2878572416128007,0.6281591978056636,-1.3416407864998725,0.79923898235932
-2.4068261864889346,1.2878572416128,0.6281591978056627,-0.44721359549995693,0.7992389823593199
-2.4068261864889346,1.2878572416127985,0.6281591978056622,0.44721359549995904,0.7992389823593197
-2.4068261864889346,1.287857241612797,0.6281591978056614,1.3416407864998752,0.7992389823593199
3.1289541540590147,-0.902373432090849,0.17194643899589715,-1.3416407864998743,1.2554517411690818
3.1289541540590156,-0.9023734320908497,0.17194643899589607,-0.4472135954999587,1.2554517411690813
3.128954154059015,-0.902373432090852,0.17194643899589557,0.4472135954999574,1.255451741169081
3.128954154059015,-0.9023734320908527,0.1719464389958947,1.3416407864998734,1.2554517411690813
2.355561847192344,-0.1416672602209628,0.17194643899589876,-1.3416407864998738,1.2554517411690815
2.3555618471923445,-0.14166726022096407,0.17194643899589832,-0.44721359549995787,1.255451741169081
2.355561847192344,-0.1416672602209654,0.17194643899589773,0.44721359549995804,1.255451741169081
2.3555618471923445,-0.14166726022096665,0.17194643899589715,1.3416407864998738,1.255451741169081
1.7358893205227581,-0.5990483455822979,0.1719464389958975,-1.3416407864998745,1.2554517411690818
1.7358893205227581,-0.5990483455822988,0.17194643899589634,-0.4472135954999588,1.2554517411690818
1.7358893205227581,-0.5990483455823,0.1719464389958957,0.44721359549995693,1.2554517411690815
1.7358893205227581,-0.5990483455823016,0.17194643899589537,1.3416407864998727,1.2554517411690813
1.4268519581681722,0.06054946411807156,0.17194643899589948,-1.341640786499874,1.2554517411690815
1.4268519581681722,0.0605494641180701,0.1719464389958988,-0.44721359549995787,1.2554517411690818
1.4268519581681722,0.06054946411806895,0.17194643899589804,0.44721359549995787,1.2554517411690813
1.426851958168173,0.06054946411806784,0.17194643899589723,1.3416407864998738,1.255451741169081
1.164731447549024,0.6969954469834041,0.17194643899590129,-1.3416407864998734,1.2554517411690813
1.164731447549024,0.6969954469834029,0.17194643899590073,-0.44721359549995726,1.2554517411690813
1.1647314475490245,0.6969954469834019,0.17194643899590004,0.44721359549995854,1.2554517411690813
1.1647314475490242,0.6969954469834007,0.17194643899589954,1.3416407864998743,1.2554517411690813
1.2132461012448763,2.4504203249104415,0.17194643899590734,-1.3416407864998705,1.255451741169081
1.2132461012448765,2.4504203249104397,0.171946438995907,-0.44721359549995476,1.2554517411690804
1.2132461012448768,2.4504203249104375,0.1719464389959061,0.44721359549996104,1.2554517411690804
1.2132461012448768,2.4504203249104366,0.17194643899590567,1.341640786499877,1.255451741169081
-1.236974188599504,-1.824917192208755,0.17194643899589335,-1.3416407864998752,1.2554517411690818
-1.2369741885995043,-1.8249171922087564,0.17194643899589301,-0.4472135954999593,1.2554517411690815
-1.2369741885995038,-1.824917192208757,0.17194643899589251,0.4472135954999566,1.2554517411690818
-1.2369741885995038,-1.824917192208759,0.17194643899589193,1.3416407864998725,1.2554517411690818
-1.499094699218653,-1.1884712093434224,0.1719464389958956,-1.3416407864998745,1.2554517411690815
-1.499094699218653,-1.1884712093434229,0.17194643899589515,-0.44721359549995865,1.2554517411690813
-1.4990946992186525,-1.1884712093434244,0.17194643899589448,0.44721359549995726,1.2554517411690815
-1.4990946992186527,-1.1884712093434253,0.17194643899589362,1.3416407864998727,1.2554517411690815
-1.714298358102364,-0.5751770533131252,0.17194643899589776,-1.3416407864998743,1.2554517411690818
-1.714298358102364,-0.5751770533131263,0.17194643899589693,-0.44721359549995826,1.2554517411690815
-1.7142983581023632,-0.5751770533131275,0.17194643899589626,0.44721359549995765,1.2554517411690815
-1.714298358102364,-0.575177053313129,0.17194643899589576,1.3416407864998736,1.2554517411690818
-1.9764188687215125,0.06126892955220782,0.1719464389958997,-1.3416407864998736,1.2554517411690822
-1.976418868721512,0.061268929552206856,0.17194643899589876,-0.4472135954999576,1.2554517411690815
-1.9764188687215114,0.061268929552205545,0.17194643899589818,0.44721359549995826,1.2554517411690815
-1.976418868721512,0.06126892955220386,0.17194643899589784,1.3416407864998743,1.2554517411690813
-2.1916225276052232,0.6745630855825052,0.17194643899590084,-1.3416407864998736,1.2554517411690813
-2.1916225276052237,0.6745630855825033,0.17194643899590056,-0.4472135954999572,1.255451741169081
-2.1916225276052232,0.6745630855825022,0.17194643899589995,0.4472135954999584,1.255451741169081
-2.1916225276052232,0.6745630855825012,0.1719464389958992,1.3416407864998743,1.2554517411690813
-2.4068261864889346,1.2878572416128018,0.17194643899590323,-1.3416407864998727,1.2554517411690818
-2.406826186488934,1.2878572416128018,0.17194643899590234,-0.447213595499957,1.2554517411690809
-2.4068261864889346,1.2878572416127998,0.17194643899590167,0.4472135954999588,1.2554517411690813
-2.406826186488934,1.2878572416127987,0.17194643899590129,1.3416407864998752,1.255451741169081
3.128954154059016,-0.9023734320908472,-0.2842663198138633,-1.3416407864998743,1.711664499978843
3.1289541540590156,-0.9023734320908484,-0.2842663198138642,-0.4472135954999587,1.711664499978843
3.128954154059015,-0.9023734320908501,-0.28426631981386474,0.4472135954999572,1.7116644999788424
3.1289541540590156,-0.9023734320908512,-0.28426631981386535,1.3416407864998732,1.7116644999788426
2.3555618471923445,-0.14166726022096124,-0.2842663198138614,-1.3416407864998738,1.7116644999788426
2.3555618471923436,-0.1416672602209621,-0.28426631981386197,-0.44721359549995787,1.7116644999788424
2.355561847192344,-0.14166726022096376,-0.28426631981386263,0.447213595499958,1.7116644999788426
2.355561847192344,-0.14166726022096504,-0.2842663198138633,1.341640786499874,1.711664499978843
1.7358893205227581,-0.5990483455822959,-0.28426631981386297,-1.3416407864998747,1.711664499978843
1.7358893205227577,-0.5990483455822976,-0.28426631981386385,-0.44721359549995904,1.7116644999788424
1.7358893205227581,-0.5990483455822985,-0.28426631981386447,0.44721359549995693,1.711664499978843
1.7358893205227577,-0.5990483455822999,-0.28426631981386496,1.3416407864998727,1.711664499978843
1.4268519581681725,0.06054946411807314,-0.2842663198138612,-1.3416407864998743,1.7116644999788426
1.4268519581681722,0.060549464118071786,-0.2842663198138615,-0.44721359549995787,1.711664499978843
1.426851958168173,0.060549464118070565,-0.2842663198138623,0.44721359549995776,1.7116644999788426
1.426851958168173,0.060549464118069565,-0.28426631981386313,1.3416407864998734,1.7116644999788426
1.1647314475490242,0.696995446983406,-0.284266319813859,-1.3416407864998734,1.7116644999788424
1.1647314475490247,0.6969954469834048,-0.28426631981385975,-0.44721359549995765,1.7116644999788424
1.1647314475490247,0.6969954469834034,-0.2842663198138602,0.4472135954999584,1.7116644999788426
1.1647314475490247,0.6969954469834023,-0.2842663198138608,1.341640786499874,1.7116644999788417
1.2132461012448763,2.450420324910443,-0.2842663198138528,-1.3416407864998707,1.7116644999788424
1.213246101244877,2.4504203249104415,-0.2842663198138534,-0.4472135954999549,1.711664499978842
1.2132461012448768,2.45042032491044,-0.28426631981385436,0.44721359549996087,1.7116644999788424
1.213246101244877,2.450420324910439,-0.2842663198138549,1.3416407864998765,1.7116644999788417
-1.2369741885995043,-1.8249171922087533,-0.2842663198138668,-1.3416407864998756,1.7116644999788424
-1.2369741885995038,-1.8249171922087548,-0.28426631981386735,-0.4472135954999593,1.711664499978843
-1.2369741885995038,-1.824917192208756,-0.2842663198138678,0.4472135954999567,1.7116644999788424
-1.2369741885995036,-1.8249171922087568,-0.2842663198138683,1.3416407864998723,1.711664499978843
-1.499094699218653,-1.1884712093434207,-0.2842663198138644,-1.3416407864998743,1.7116644999788433
-1.4990946992186527,-1.188471209343422,-0.28426631981386535,-0.44721359549995854,1.7116644999788433
-1.4990946992186527,-1.1884712093434222,-0.2842663198138659,0.44721359549995726,1.711664499978843
-1.4990946992186522,-1.1884712093434238,-0.28426631981386674,1.3416407864998727,1.711664499978843
-1.714298358102364,-0.5751770533131235,-0.28426631981386236,-1.3416407864998738,1.711664499978843
-1.7142983581023636,-0.5751770533131246,-0.2842663198138635,-0.44721359549995837,1.7116644999788424
-1.7142983581023632,-0.5751770533131259,-0.2842663198138642,0.4472135954999575,1.7116644999788424
-1.7142983581023636,-0.5751770533131271,-0.2842663198138646,1.3416407864998734,1.711664499978843
-1.9764188687215114,0.06126892955220988,-0.28426631981386064,-1.341640786499874,1.711664499978843
-1.9764188687215116,0.06126892955220844,-0.2842663198138616,-0.4472135954999576,1.7116644999788424
-1.9764188687215116,0.06126892955220727,-0.28426631981386213,0.44721359549995815,1.711664499978843
-1.976418868721512,0.061268929552205774,-0.2842663198138627,1.3416407864998743,1.711664499978843
-2.1916225276052232,0.6745630855825071,-0.28426631981385947,-1.3416407864998734,1.711664499978842
-2.1916225276052224,0.6745630855825052,-0.2842663198138597,-0.44721359549995726,1.711664499978843
-2.1916225276052232,0.674563085582504,-0.2842663198138603,0.4472135954999584,1.711664499978842
-2.1916225276052224,0.674563085582503,-0.28426631981386113,1.3416407864998743,1.7116644999788424
-2.4068261864889346,1.2878572416128038,-0.284266319813857,-1.3416407864998727,1.7116644999788433
-2.406826186488934,1.2878572416128033,-0.28426631981385797,-0.447213595499957,1.7116644999788426
-2.406826186488934,1.2878572416128018,-0.2842663198138585,0.4472135954999587,1.7116644999788426
-2.406826186488934,1.2878572416128002,-0.2842663198138591,1.3416407864998747,1.7116644999788433
3.1289541540590147,-0.9023734320908512,0.7438973590540277,-1.3416407864998745,-0.9098738916313537
3.1289541540590156,-0.9023734320908524,0.743897359054027,-0.44721359549995865,-0.9098738916313537
3.1289541540590156,-0.9023734320908541,0.7438973590540262,0.4472135954999572,-0.9098738916313537
3.128954154059015,-0.9023734320908553,0.7438973590540257,1.3416407864998734,-0.9098738916313537
2.3555618471923436,-0.14166726022096535,0.7438973590540296,-1.3416407864998736,-0.9098738916313535
2.3555618471923436,-0.1416672602209668,0.7438973590540294,-0.44721359549995776,-0.9098738916313535
2.355561847192344,-0.1416672602209679,0.7438973590540287,0.44721359549995804,-0.9098738916313538
2.3555618471923445,-0.14166726022096923,0.743897359054028,1.341640786499874,-0.909873891631354
1.7358893205227572,-0.5990483455823,0.7438973590540283,-1.341640786499875,-0.9098738916313531
1.735889320522757,-0.5990483455823018,0.7438973590540275,-0.4472135954999588,-0.9098738916313535
1.7358893205227581,-0.5990483455823028,0.7438973590540268,0.4472135954999572,-0.909873891631353
1.7358893205227581,-0.5990483455823041,0.7438973590540262,1.341640786499873,-0.9098738916313531
1.426851958168172,0.06054946411806899,0.74389735905403,-1.341640786499874,-0.9098738916313537
1.426851958168172,0.06054946411806757,0.7438973590540295,-0.447213595499958,-0.9098738916313537
1.4268519581681722,0.06054946411806663,0.7438973590540289,0.44721359549995787,-0.9098738916313533
1.426851958168172,0.06054946411806546,0.7438973590540281,1.3416407864998734,-0.909873891631354
1.1647314475490242,0.6969954469834017,0.743897359054032,-1.3416407864998732,-0.9098738916313535
1.1647314475490238,0.6969954469834002,0.7438973590540314,-0.4472135954999574,-0.9098738916313538
1.164731447549024,0.696995446983399,0.7438973590540309,0.44721359549995854,-0.9098738916313537
1.1647314475490242,0.6969954469833981,0.7438973590540301,1.3416407864998743,-0.9098738916313538
1.2132461012448759,2.450420324910439,0.743897359054038,-1.3416407864998707,-0.9098738916313543
1.2132461012448763,2.4504203249104375,0.7438973590540374,-0.44721359549995476,-0.9098738916313543
1.2132461012448768,2.4504203249104353,0.7438973590540369,0.44721359549996104,-0.9098738916313543
1.2132461012448768,2.450420324910434,0.7438973590540362,1.3416407864998767,-0.9098738916313543
-1.2369741885995043,-1.8249171922087575,0.7438973590540247,-1.3416407864998752,-0.9098738916313528
-1.2369741885995043,-1.824917192208759,0.743897359054024,-0.4472135954999596,-0.9098738916313535
-1.2369741885995045,-1.8249171922087604,0.7438973590540233,0.447213595499957,-0.9098738916313528
-1.236974188599504,-1.8249171922087615,0.7438973590540228,1.3416407864998727,-0.9098738916313533
-1.4990946992186531,-1.1884712093434247,0.7438973590540264,-1.3416407864998745,-0.9098738916313533
-1.4990946992186531,-1.1884712093434258,0.7438973590540259,-0.44721359549995854,-0.9098738916313533
-1.499094699218653,-1.1884712093434269,0.7438973590540252,0.4472135954999571,-0.9098738916313533
-1.4990946992186527,-1.188471209343428,0.7438973590540244,1.3416407864998727,-0.9098738916313535
-1.7142983581023636,-0.5751770533131276,0.7438973590540283,-1.341640786499874,-0.9098738916313538
-1.7142983581023636,-0.5751770533131287,0.7438973590540275,-0.44721359549995826,-0.9098738916313537
-1.714298358102364,-0.5751770533131298,0.743897359054027,0.44721359549995765,-0.9098738916313537
-1.7142983581023636,-0.5751770533131313,0.7438973590540264,1.3416407864998734,-0.9098738916313537
-1.976418868721512,0.06126892955220524,0.7438973590540306,-1.3416407864998736,-0.9098738916313533
-1.9764188687215127,0.06126892955220389,0.7438973590540296,-0.44721359549995765,-0.9098738916313538
-1.9764188687215116,0.06126892955220252,0.7438973590540292,0.4472135954999584,-0.9098738916313535
-1.976418868721512,0.061268929552201305,0.7438973590540285,1.3416407864998743,-0.9098738916313537
-2.1916225276052237,0.6745630855825023,0.7438973590540319,-1.3416407864998732,-0.9098738916313538
-2.1916225276052232,0.6745630855825012,0.7438973590540312,-0.4472135954999574,-0.9098738916313537
-2.1916225276052237,0.6745630855825003,0.743897359054031,0.44721359549995865,-0.9098738916313537
-2.191622527605223,0.674563085582499,0.7438973590540299,1.3416407864998743,-0.909873891631354
-2.406826186488934,1.2878572416128,0.743897359054034,-1.3416407864998727,-0.9098738916313537
-2.406826186488934,1.2878572416127991,0.743897359054033,-0.447213595499957,-0.9098738916313535
-2.4068261864889346,1.2878572416127971,0.7438973590540326,0.4472135954999591,-0.9098738916313535
-2.4068261864889346,1.287857241612796,0.7438973590540319,1.3416407864998747,-0.9098738916313535
3.128954154059016,-0.9023734320908493,0.2876846002442673,-1.3416407864998745,-0.45366113282159254
3.1289541540590156,-0.9023734320908507,0.2876846002442667,-0.4472135954999587,-0.4536611328215927
3.128954154059015,-0.9023734320908523,0.28768460024426606,0.4472135954999572,-0.4536611328215928
3.1289541540590156,-0.902373432090854,0.2876846002442656,1.3416407864998732,-0.45366113282159237
2.3555618471923436,-0.1416672602209639,0.2876846002442696,-1.3416407864998738,-0.4536611328215927
2.355561847192344,-0.14166726022096518,0.28768460024426895,-0.44721359549995787,-0.45366113282159254
2.355561847192344,-0.14166726022096615,0.28768460024426823,0.44721359549995776,-0.4536611328215927
2.355561847192344,-0.14166726022096762,0.2876846002442676,1.3416407864998738,-0.45366113282159287
1.7358893205227581,-0.5990483455822984,0.28768460024426795,-1.3416407864998747,-0.45366113282159193
1.7358893205227572,-0.5990483455823,0.2876846002442671,-0.4472135954999588,-0.4536611328215921
1.7358893205227577,-0.599048345582301,0.28768460024426634,0.4472135954999568,-0.45366113282159226
1.7358893205227577,-0.5990483455823026,0.287684600244266,1.3416407864998727,-0.4536611328215922
1.4268519581681722,0.06054946411807098,0.2876846002442695,-1.3416407864998743,-0.45366113282159254
1.426851958168172,0.06054946411806922,0.2876846002442693,-0.44721359549995804,-0.4536611328215924
1.4268519581681725,0.06054946411806798,0.28768460024426856,0.44721359549995787,-0.45366113282159254
1.4268519581681727,0.060549464118066616,0.28768460024426806,1.3416407864998736,-0.4536611328215924
1.164731447549024,0.6969954469834032,0.28768460024427206,-1.3416407864998734,-0.4536611328215924
1.164731447549024,0.696995446983402,0.2876846002442713,-0.4472135954999575,-0.45366113282159265
1.1647314475490242,0.6969954469834007,0.28768460024427056,0.4472135954999584,-0.45366113282159254
1.1647314475490245,0.6969954469833998,0.28768460024426995,1.3416407864998743,-0.4536611328215927
1.2132461012448768,2.45042032491044,0.28768460024427783,-1.3416407864998707,-0.4536611328215933
1.2132461012448765,2.450420324910439,0.2876846002442773,-0.447213595499955,-0.45366113282159315
1.2132461012448765,2.450420324910437,0.28768460024427667,0.44721359549996104,-0.45366113282159315
1.2132461012448763,2.4504203249104357,0.2876846002442762,1.341640786499877,-0.45366113282159315
-1.2369741885995043,-1.8249171922087557,0.2876846002442641,-1.3416407864998754,-0.4536611328215921
-1.2369741885995043,-1.8249171922087573,0.28768460024426357,-0.4472135954999594,-0.4536611328215922
-1.2369741885995038,-1.8249171922087584,0.28768460024426307,0.4472135954999567,-0.4536611328215921
-1.236974188599504,-1.82491719220876,0.2876846002442624,1.3416407864998723,-0.45366113282159193
-1.4990946992186527,-1.188471209343423,0.2876846002442661,-1.3416407864998747,-0.45366113282159237
-1.4990946992186531,-1.1884712093434244,0.2876846002442656,-0.44721359549995865,-0.45366113282159226
-1.4990946992186527,-1.1884712093434253,0.28768460024426507,0.4472135954999572,-0.45366113282159237
-1.4990946992186525,-1.1884712093434264,0.2876846002442643,1.3416407864998727,-0.45366113282159265
-1.714298358102364,-0.5751770533131259,0.2876846002442681,-1.3416407864998743,-0.4536611328215921
-1.714298358102364,-0.5751770533131271,0.28768460024426734,-0.44721359549995826,-0.4536611328215921
-1.714298358102364,-0.5751770533131284,0.2876846002442669,0.44721359549995765,-0.45366113282159237
-1.714298358102364,-0.5751770533131294,0.287684600244266,1.341640786499873,-0.45366113282159265
-1.976418868721512,0.06126892955220735,0.2876846002442698,-1.3416407864998738,-0.45366113282159265
-1.976418868721512,0.061268929552205614,0.2876846002442696,-0.44721359549995776,-0.4536611328215922
-1.9764188687215116,0.06126892955220457,0.2876846002442688,0.44721359549995815,-0.4536611328215924
-1.9764188687215116,0.0612689295522034,0.2876846002442681,1.341640786499874,-0.4536611328215924
-2.1916225276052232,0.6745630855825042,0.28768460024427167,-1.3416407864998736,-0.4536611328215927
-2.1916225276052237,0.6745630855825028,0.2876846002442712,-0.4472135954999574,-0.45366113282159237
-2.191622527605223,0.6745630855825014,0.28768460024427067,0.44721359549995854,-0.4536611328215924
-2.191622527605223,0.6745630855825007,0.28768460024426973,1.3416407864998743,-0.4536611328215927
-2.406826186488935,1.2878572416128016,0.2876846002442736,-1.3416407864998732,-0.4536611328215924
-2.4068261864889338,1.2878572416128002,0.2876846002442729,-0.4472135954999571,-0.4536611328215924
-2.4068261864889346,1.287857241612799,0.2876846002442724,0.4472135954999588,-0.45366113282159254
-2.4068261864889338,1.287857241612798,0.2876846002442715,1.3416407864998747,-0.45366113282159287
3.128954154059016,-0.9023734320908475,-0.1685281585654929,-1.3416407864998747,0.0025516259881689265
3.1289541540590156,-0.902373432090849,-0.16852815856549364,-0.4472135954999588,0.002551625988168879
3.1289541540590156,-0.9023734320908507,-0.16852815856549422,0.4472135954999572,0.0025516259881687526
3.1289541540590156,-0.9023734320908522,-0.16852815856549466,1.341640786499873,0.002551625988168832
2.355561847192344,-0.14166726022096196,-0.16852815856549078,-1.3416407864998738,0.002551625988168727
2.355561847192344,-0.14166726022096351,-0.16852815856549136,-0.44721359549995787,0.002551625988168718
2.3555618471923436,-0.14166726022096474,-0.16852815856549197,0.44721359549995787,0.002551625988168615
2.3555618471923445,-0.141667260220966,-0.1685281585654928,1.3416407864998743,0.002551625988168419
1.7358893205227581,-0.5990483455822965,-0.1685281585654925,-1.3416407864998747,0.002551625988169253
1.7358893205227577,-0.5990483455822985,-0.16852815856549325,-0.44721359549995904,0.002551625988168975
1.7358893205227577,-0.5990483455822994,-0.1685281585654939,0.4472135954999568,0.002551625988168941
1.7358893205227577,-0.5990483455823011,-0.16852815856549444,1.3416407864998727,0.0025516259881690107
1.4268519581681722,0.06054946411807212,-0.1685281585654904,-1.3416407864998743,0.0025516259881687786
1.426851958168172,0.0605494641180707,-0.16852815856549105,-0.44721359549995804,0.002551625988168882
1.4268519581681725,0.06054946411806951,-0.16852815856549153,0.44721359549995776,0.002551625988168912
1.4268519581681725,0.060549464118068254,-0.16852815856549244,1.3416407864998736,0.002551625988168695
1.1647314475490242,0.696995446983405,-0.16852815856548858,-1.3416407864998736,0.0025516259881688563
1.1647314475490242,0.6969954469834037,-0.1685281585654891,-0.4472135954999576,0.002551625988168657
1.164731447549024,0.6969954469834022,-0.1685281585654897,0.44721359549995837,0.0025516259881686893
1.1647314475490245,0.6969954469834007,-0.1685281585654901,1.341640786499874,0.0025516259881687366
1.2132461012448765,2.4504203249104415,-0.16852815856548248,-1.3416407864998707,0.002551625988168054
1.2132461012448768,2.450420324910441,-0.16852815856548303,-0.44721359549995515,0.0025516259881678957
1.213246101244877,2.4504203249104393,-0.16852815856548334,0.44721359549996076,0.0025516259881681875
1.213246101244877,2.450420324910438,-0.168528158565484,1.341640786499877,0.002551625988168224
-1.236974188599504,-1.8249171922087533,-0.16852815856549602,-1.3416407864998754,0.002551625988168979
-1.2369741885995038,-1.8249171922087557,-0.16852815856549666,-0.4472135954999594,0.002551625988169047
-1.2369741885995038,-1.8249171922087568,-0.1685281585654973,0.44721359549995654,0.002551625988169062
-1.2369741885995043,-1.8249171922087584,-0.16852815856549788,1.3416407864998725,0.0025516259881690887
-1.4990946992186531,-1.1884712093434213,-0.16852815856549397,-1.3416407864998743,0.002551625988169205
-1.4990946992186527,-1.1884712093434229,-0.1685281585654948,-0.4472135954999588,0.0025516259881689053
-1.4990946992186527,-1.1884712093434242,-0.16852815856549522,0.4472135954999571,0.002551625988169021
-1.4990946992186525,-1.1884712093434249,-0.16852815856549577,1.341640786499873,0.0025516259881689443
-1.714298358102364,-0.5751770533131242,-0.16852815856549222,-1.3416407864998743,0.002551625988169007
-1.7142983581023636,-0.5751770533131255,-0.16852815856549289,-0.4472135954999584,0.002551625988168945
-1.7142983581023636,-0.5751770533131267,-0.1685281585654936,0.4472135954999574,0.0025516259881688597
-1.714298358102364,-0.5751770533131281,-0.16852815856549413,1.3416407864998732,0.002551625988168904
-1.976418868721512,0.0612689295522089,-0.16852815856549033,-1.341640786499874,0.0025516259881687483
-1.9764188687215116,0.06126892955220735,-0.1685281585654909,-0.44721359549995787,0.002551625988168852
-1.976418868721512,0.061268929552206135,-0.16852815856549155,0.44721359549995804,0.002551625988168772
-1.976418868721512,0.061268929552204664,-0.16852815856549191,1.341640786499874,0.002551625988168906
-2.1916225276052237,0.6745630855825056,-0.16852815856548853,-1.3416407864998736,0.0025516259881688125
-2.1916225276052224,0.6745630855825046,-0.16852815856548922,-0.4472135954999576,0.0025516259881686733
-2.191622527605223,0.6745630855825028,-0.16852815856548975,0.4472135954999584,0.00255162598816876
-2.1916225276052224,0.6745630855825023,-0.16852815856549067,1.341640786499874,0.0025516259881684885
-2.4068261864889346,1.2878572416128031,-0.16852815856548667,-1.341640786499873,0.002551625988168764
-2.406826186488934,1.287857241612803,-0.16852815856548756,-0.4472135954999574,0.0025516259881684733
-2.4068261864889346,1.2878572416128005,-0.16852815856548795,0.4472135954999587,0.0025516259881686603
-2.406826186488934,1.2878572416128,-0.16852815856548883,1.3416407864998747,0.0025516259881684334
3.128954154059015,-0.9023734320908463,-0.6247409173752534,-1.3416407864998745,0.45876438479793025
3.1289541540590156,-0.9023734320908473,-0.6247409173752541,-0.4472135954999589,0.45876438479793025
3.1289541540590156,-0.9023734320908494,-0.6247409173752546,0.447213595499957,0.45876438479792997
3.128954154059016,-0.9023734320908505,-0.6247409173752551,1.3416407864998727,0.4587643847979301
2.3555618471923436,-0.14166726022096057,-0.6247409173752511,-1.3416407864998738,0.45876438479792997
2.355561847192344,-0.14166726022096163,-0.6247409173752518,-0.44721359549995815,0.4587643847979299
2.355561847192345,-0.14166726022096318,-0.6247409173752522,0.44721359549995776,0.45876438479792997
2.3555618471923445,-0.14166726022096415,-0.624740917375253,1.3416407864998736,0.4587643847979299
1.7358893205227581,-0.5990483455822952,-0.6247409173752526,-1.3416407864998747,0.45876438479793064
1.7358893205227584,-0.5990483455822966,-0.6247409173752536,-0.4472135954999592,0.45876438479793025
1.7358893205227581,-0.5990483455822979,-0.6247409173752542,0.4472135954999568,0.45876438479793025
1.7358893205227581,-0.5990483455822995,-0.6247409173752543,1.3416407864998725,0.45876438479793064
1.4268519581681722,0.06054946411807375,-0.6247409173752506,-1.3416407864998743,0.4587643847979303
1.4268519581681727,0.060549464118072376,-0.6247409173752514,-0.44721359549995804,0.45876438479793014
1.4268519581681725,0.06054946411807121,-0.624740917375252,0.4472135954999576,0.4587643847979304
1.4268519581681727,0.0605494641180699,-0.6247409173752523,1.3416407864998732,0.4587643847979303
1.1647314475490247,0.6969954469834067,-0.6247409173752486,-1.3416407864998738,0.4587643847979304
1.1647314475490245,0.6969954469834053,-0.6247409173752496,-0.44721359549995776,0.4587643847979301
1.1647314475490247,0.6969954469834044,-0.6247409173752503,0.44721359549995826,0.4587643847979299
1.1647314475490247,0.6969954469834027,-0.6247409173752504,1.341640786499874,0.45876438479793014
1.2132461012448768,2.4504203249104433,-0.6247409173752428,-1.341640786499871,0.45876438479792936
1.213246101244877,2.450420324910443,-0.6247409173752436,-0.4472135954999555,0.45876438479792936
1.213246101244877,2.450420324910441,-0.624740917375244,0.44721359549996076,0.4587643847979292
1.2132461012448768,2.450420324910439,-0.6247409173752442,1.341640786499877,0.4587643847979298
-1.236974188599504,-1.8249171922087528,-0.6247409173752565,-1.3416407864998754,0.4587643847979304
-1.236974188599504,-1.8249171922087544,-0.6247409173752567,-0.4472135954999595,0.4587643847979306
-1.2369741885995038,-1.8249171922087555,-0.6247409173752578,0.44721359549995643,0.45876438479793047
-1.2369741885995038,-1.8249171922087566,-0.624740917375258,1.3416407864998725,0.45876438479793075
-1.4990946992186525,-1.1884712093434198,-0.6247409173752543,-1.341640786499875,0.4587643847979303
-1.4990946992186527,-1.1884712093434209,-0.6247409173752552,-0.4472135954999588,0.45876438479793014
-1.4990946992186525,-1.188471209343422,-0.6247409173752559,0.44721359549995693,0.4587643847979301
-1.4990946992186527,-1.1884712093434235,-0.624740917375256,1.341640786499873,0.4587643847979304
-1.714298358102364,-0.5751770533131226,-0.6247409173752523,-1.3416407864998743,0.45876438479793047
-1.714298358102364,-0.5751770533131237,-0.6247409173752533,-0.44721359549995854,0.45876438479793014
-1.7142983581023636,-0.5751770533131249,-0.6247409173752541,0.44721359549995726,0.45876438479793014
-1.714298358102364,-0.5751770533131269,-0.6247409173752543,1.3416407864998732,0.4587643847979304
-1.976418868721512,0.06126892955221055,-0.6247409173752505,-1.3416407864998738,0.45876438479793025
-1.976418868721512,0.061268929552208834,-0.6247409173752511,-0.44721359549995776,0.45876438479793025
-1.976418868721512,0.06126892955220786,-0.6247409173752518,0.44721359549995787,0.45876438479792997
-1.9764188687215116,0.06126892955220628,-0.6247409173752523,1.341640786499874,0.4587643847979304
-2.1916225276052224,0.6745630855825073,-0.624740917375249,-1.3416407864998734,0.4587643847979301
-2.191622527605223,0.6745630855825059,-0.6247409173752495,-0.4472135954999575,0.45876438479793014
-2.191622527605223,0.6745630855825046,-0.6247409173752501,0.4472135954999584,0.4587643847979303
-2.191622527605223,0.6745630855825034,-0.6247409173752507,1.3416407864998743,0.4587643847979301
-2.4068261864889346,1.2878572416128042,-0.6247409173752468,-1.341640786499873,0.45876438479792997
-2.406826186488934,1.2878572416128042,-0.6247409173752478,-0.4472135954999574,0.45876438479792975
-2.4068261864889338,1.2878572416128022,-0.6247409173752482,0.4472135954999587,0.4587643847979301
-2.406826186488934,1.2878572416128007,-0.6247409173752488,1.3416407864998747,0.4587643847979298
3.128954154059015,-0.902373432090845,-1.0809536761850136,-1.3416407864998745,0.9149771436076917
3.128954154059016,-0.9023734320908456,-1.0809536761850143,-0.4472135954999591,0.914977143607691
3.128954154059015,-0.9023734320908476,-1.0809536761850147,0.44721359549995693,0.9149771436076919
3.128954154059015,-0.9023734320908487,-1.0809536761850154,1.3416407864998727,0.9149771436076913
2.3555618471923445,-0.1416672602209589,-1.0809536761850116,-1.3416407864998743,0.9149771436076913
2.3555618471923445,-0.1416672602209603,-1.0809536761850118,-0.44721359549995804,0.9149771436076912
2.3555618471923445,-0.14166726022096143,-1.0809536761850127,0.44721359549995765,0.9149771436076916
2.355561847192344,-0.1416672602209628,-1.0809536761850131,1.3416407864998738,0.9149771436076916
1.7358893205227581,-0.5990483455822936,-1.0809536761850131,-1.341640786499875,0.9149771436076916
1.7358893205227581,-0.5990483455822951,-1.080953676185014,-0.4472135954999592,0.9149771436076919
1.7358893205227581,-0.5990483455822961,-1.0809536761850147,0.4472135954999567,0.9149771436076916
1.7358893205227581,-0.5990483455822979,-1.080953676185015,1.3416407864998725,0.9149771436076919
1.4268519581681731,0.060549464118075734,-1.0809536761850114,-1.3416407864998743,0.9149771436076913
1.4268519581681725,0.06054946411807402,-1.0809536761850118,-0.44721359549995826,0.9149771436076916
1.426851958168173,0.06054946411807295,-1.0809536761850125,0.4472135954999575,0.914977143607691
1.4268519581681731,0.060549464118071876,-1.0809536761850131,1.3416407864998732,0.9149771436076909
1.1647314475490245,0.6969954469834083,-1.080953676185009,-1.3416407864998738,0.914977143607691
1.1647314475490245,0.696995446983407,-1.0809536761850098,-0.44721359549995776,0.9149771436076912
1.1647314475490247,0.6969954469834055,-1.08095367618501,0.44721359549995804,0.914977143607691
1.1647314475490242,0.6969954469834042,-1.080953676185011,1.3416407864998738,0.9149771436076912
1.2132461012448765,2.450420324910444,-1.0809536761850027,-1.3416407864998707,0.9149771436076909
1.213246101244877,2.4504203249104437,-1.080953676185004,-0.44721359549995565,0.9149771436076903
1.213246101244877,2.450420324910443,-1.0809536761850036,0.44721359549996087,0.9149771436076912
1.213246101244877,2.4504203249104415,-1.0809536761850052,1.341640786499877,0.9149771436076903
-1.2369741885995038,-1.8249171922087506,-1.0809536761850165,-1.3416407864998756,0.9149771436076916
-1.2369741885995038,-1.8249171922087524,-1.0809536761850174,-0.4472135954999595,0.9149771436076913
-1.2369741885995038,-1.824917192208754,-1.0809536761850178,0.4472135954999562,0.9149771436076917
-1.2369741885995038,-1.824917192208755,-1.0809536761850187,1.341640786499872,0.9149771436076917
-1.4990946992186527,-1.188471209343418,-1.0809536761850147,-1.341640786499875,0.9149771436076916
-1.4990946992186522,-1.1884712093434189,-1.0809536761850151,-0.4472135954999587,0.9149771436076916
-1.4990946992186522,-1.1884712093434204,-1.0809536761850158,0.44721359549995693,0.914977143607692
-1.4990946992186525,-1.188471209343422,-1.0809536761850167,1.3416407864998727,0.9149771436076913
-1.7142983581023636,-0.5751770533131211,-1.0809536761850127,-1.3416407864998743,0.9149771436076917
-1.714298358102364,-0.5751770533131224,-1.0809536761850134,-0.44721359549995854,0.9149771436076912
-1.7142983581023632,-0.5751770533131235,-1.080953676185014,0.44721359549995726,0.9149771436076912
-1.7142983581023632,-0.5751770533131251,-1.0809536761850145,1.3416407864998732,0.9149771436076913
-1.9764188687215125,0.061268929552211755,-1.0809536761850105,-1.3416407864998738,0.9149771436076916
-1.9764188687215125,0.0612689295522107,-1.0809536761850114,-0.44721359549995804,0.914977143607691
-1.9764188687215116,0.06126892955220932,-1.0809536761850116,0.44721359549995776,0.9149771436076913
-1.976418868721511,0.06126892955220825,-1.0809536761850123,1.3416407864998736,0.914977143607691
-2.191622527605223,0.6745630855825091,-1.0809536761850091,-1.3416407864998738,0.9149771436076912
-2.1916225276052224,0.6745630855825077,-1.0809536761850096,-0.4472135954999576,0.9149771436076912
-2.1916225276052224,0.6745630855825065,-1.0809536761850105,0.44721359549995815,0.9149771436076913
-2.1916225276052224,0.6745630855825054,-1.0809536761850111,1.3416407864998738,0.914977143607691
-2.4068261864889338,1.2878572416128067,-1.0809536761850074,-1.3416407864998732,0.9149771436076916
-2.4068261864889333,1.2878572416128058,-1.0809536761850078,-0.4472135954999575,0.9149771436076912
-2.4068261864889338,1.287857241612804,-1.0809536761850083,0.4472135954999587,0.9149771436076916
-2.4068261864889346,1.2878572416128025,-1.0809536761850091,1.3416407864998743,0.914977143607691
3.128954154059016,-0.9023734320908489,-0.05278999731712282,-1.3416407864998747,-1.7065612480025059
3.1289541540590156,-0.9023734320908503,-0.05278999731712321,-0.4472135954999587,-1.7065612480025047
3.128954154059015,-0.9023734320908524,-0.052789997317123645,0.4472135954999572,-1.7065612480025052
3.128954154059016,-0.9023734320908529,-0.05278999731712451,1.3416407864998727,-1.7065612480025054
2.355561847192344,-0.14166726022096293,-0.052789997317120474,-1.341640786499874,-1.7065612480025052
2.355561847192344,-0.1416672602209643,-0.05278999731712102,-0.447213595499958,-1.7065612480025052
2.3555618471923445,-0.14166726022096565,-0.05278999731712168,0.44721359549995776,-1.7065612480025059
2.3555618471923445,-0.14166726022096676,-0.05278999731712223,1.341640786499874,-1.7065612480025054
1.7358893205227581,-0.5990483455822978,-0.05278999731712234,-1.341640786499875,-1.7065612480025052
1.7358893205227581,-0.5990483455822991,-0.052789997317122805,-0.4472135954999591,-1.7065612480025054
1.7358893205227581,-0.5990483455823008,-0.052789997317123354,0.44721359549995693,-1.7065612480025045
1.7358893205227581,-0.5990483455823016,-0.05278999731712378,1.3416407864998725,-1.7065612480025045
1.4268519581681725,0.06054946411807147,-0.052789997317120245,-1.3416407864998745,-1.7065612480025059
1.4268519581681722,0.06054946411806998,-0.05278999731712061,-0.44721359549995837,-1.7065612480025054
1.4268519581681727,0.06054946411806859,-0.052789997317121216,0.44721359549995765,-1.7065612480025054
1.4268519581681725,0.06054946411806732,-0.05278999731712176,1.3416407864998732,-1.7065612480025054
1.164731447549024,0.696995446983404,-0.05278999731711806,-1.3416407864998736,-1.7065612480025052
1.164731447549024,0.6969954469834029,-0.052789997317118684,-0.44721359549995765,-1.7065612480025052
1.164731447549024,0.6969954469834013,-0.052789997317119114,0.44721359549995826,-1.7065612480025052
1.164731447549024,0.6969954469834,-0.052789997317119745,1.3416407864998738,-1.7065612480025052
1.213246101244876,2.4504203249104406,-0.052789997317112196,-1.3416407864998712,-1.706561248002506
1.2132461012448768,2.4504203249104397,-0.05278999731711258,-0.44721359549995515,-1.7065612480025059
1.2132461012448765,2.4504203249104375,-0.0527899973171131,0.44721359549996104,-1.706561248002506
1.2132461012448768,2.4504203249104366,-0.05278999731711379,1.3416407864998765,-1.7065612480025059
-1.2369741885995043,-1.8249171922087553,-0.05278999731712577,-1.3416407864998756,-1.706561248002504
-1.236974188599504,-1.824917192208757,-0.05278999731712631,-0.4472135954999595,-1.7065612480025047
-1.2369741885995038,-1.824917192208758,-0.052789997317126934,0.4472135954999563,-1.7065612480025045
-1.2369741885995038,-1.824917192208759,-0.05278999731712722,1.3416407864998723,-1.7065612480025047
-1.4990946992186531,-1.1884712093434224,-0.05278999731712384,-1.341640786499875,-1.7065612480025047
-1.4990946992186527,-1.1884712093434235,-0.05278999731712426,-0.4472135954999589,-1.7065612480025052
-1.4990946992186527,-1.1884712093434247,-0.05278999731712504,0.447213595499957,-1.7065612480025045
-1.4990946992186527,-1.188471209343426,-0.05278999731712531,1.3416407864998727,-1.7065612480025047
-1.7142983581023636,-0.5751770533131253,-0.05278999731712185,-1.3416407864998745,-1.7065612480025052
-1.7142983581023636,-0.5751770533131265,-0.05278999731712242,-0.44721359549995854,-1.7065612480025047
-1.7142983581023636,-0.5751770533131277,-0.05278999731712311,0.4472135954999574,-1.7065612480025047
-1.714298358102364,-0.5751770533131291,-0.05278999731712374,1.3416407864998732,-1.7065612480025052
-1.9764188687215116,0.06126892955220789,-0.05278999731711989,-1.341640786499874,-1.7065612480025047
-1.9764188687215116,0.06126892955220631,-0.052789997317120425,-0.44721359549995787,-1.7065612480025047
-1.976418868721512,0.06126892955220537,-0.05278999731712106,0.447213595499958,-1.7065612480025052
-1.9764188687215125,0.06126892955220382,-0.052789997317121834,1.3416407864998738,-1.7065612480025052
-2.191622527605223,0.6745630855825049,-0.05278999731711828,-1.3416407864998736,-1.7065612480025054
-2.1916225276052232,0.6745630855825033,-0.05278999731711875,-0.4472135954999576,-1.7065612480025054
-2.191622527605223,0.6745630855825024,-0.05278999731711941,0.44721359549995826,-1.7065612480025052
-2.1916225276052224,0.6745630855825007,-0.05278999731711997,1.341640786499874,-1.7065612480025054
-2.4068261864889346,1.2878572416128022,-0.05278999731711642,-1.3416407864998732,-1.7065612480025054
-2.4068261864889346,1.2878572416128011,-0.052789997317117116,-0.4472135954999574,-1.7065612480025054
-2.4068261864889346,1.2878572416127996,-0.052789997317117705,0.44721359549995854,-1.7065612480025052
-2.406826186488934,1.2878572416127982,-0.0527899973171181,1.3416407864998745,-1.7065612480025054
3.128954154059015,-0.9023734320908474,-0.509002756126883,-1.341640786499875,-1.2503484891927437
3.1289541540590156,-0.9023734320908486,-0.5090027561268836,-0.4472135954999588,-1.2503484891927437
3.1289541540590156,-0.9023734320908505,-0.509002756126884,0.447213595499957,-1.2503484891927439
3.128954154059015,-0.9023734320908511,-0.509002756126885,1.3416407864998727,-1.2503484891927439
2.3555618471923436,-0.14166726022096132,-0.5090027561268804,-1.3416407864998743,-1.2503484891927439
2.3555618471923445,-0.1416672602209626,-0.5090027561268812,-0.44721359549995815,-1.250348489192744
2.355561847192344,-0.141667260220964,-0.5090027561268818,0.44721359549995765,-1.250348489192744
2.355561847192344,-0.14166726022096518,-0.5090027561268825,1.3416407864998736,-1.250348489192744
1.7358893205227584,-0.5990483455822961,-0.5090027561268823,-1.3416407864998752,-1.2503484891927434
1.7358893205227581,-0.5990483455822972,-0.5090027561268831,-0.4472135954999591,-1.2503484891927432
1.7358893205227584,-0.5990483455822986,-0.5090027561268837,0.4472135954999566,-1.2503484891927439
1.7358893205227584,-0.5990483455822999,-0.5090027561268845,1.3416407864998727,-1.2503484891927439
1.4268519581681722,0.06054946411807294,-0.5090027561268806,-1.3416407864998745,-1.2503484891927439
1.4268519581681725,0.06054946411807153,-0.5090027561268808,-0.44721359549995826,-1.2503484891927437
1.4268519581681725,0.060549464118070204,-0.5090027561268815,0.44721359549995765,-1.2503484891927437
1.426851958168173,0.0605494641180688,-0.5090027561268818,1.3416407864998732,-1.2503484891927439
1.1647314475490245,0.6969954469834059,-0.5090027561268783,-1.3416407864998738,-1.2503484891927439
1.1647314475490245,0.6969954469834044,-0.509002756126879,-0.44721359549995776,-1.2503484891927437
1.1647314475490245,0.6969954469834032,-0.5090027561268795,0.44721359549995826,-1.2503484891927439
1.1647314475490247,0.6969954469834018,-0.5090027561268797,1.3416407864998738,-1.2503484891927439
1.2132461012448768,2.4504203249104424,-0.5090027561268724,-1.3416407864998712,-1.2503484891927448
1.213246101244877,2.4504203249104406,-0.5090027561268727,-0.44721359549995515,-1.2503484891927445
1.2132461012448768,2.45042032491044,-0.5090027561268733,0.44721359549996076,-1.2503484891927448
1.2132461012448768,2.4504203249104384,-0.5090027561268742,1.341640786499877,-1.2503484891927448
-1.236974188599504,-1.8249171922087537,-0.5090027561268863,-1.3416407864998756,-1.2503484891927432
-1.2369741885995038,-1.8249171922087546,-0.5090027561268864,-0.4472135954999596,-1.2503484891927437
-1.236974188599504,-1.8249171922087561,-0.5090027561268871,0.44721359549995604,-1.2503484891927439
-1.236974188599504,-1.8249171922087575,-0.5090027561268878,1.3416407864998723,-1.2503484891927434
-1.4990946992186527,-1.1884712093434202,-0.5090027561268838,-1.3416407864998752,-1.2503484891927437
-1.499094699218653,-1.1884712093434218,-0.5090027561268845,-0.44721359549995904,-1.2503484891927439
-1.4990946992186525,-1.188471209343423,-0.5090027561268851,0.4472135954999568,-1.2503484891927439
-1.4990946992186525,-1.1884712093434244,-0.5090027561268853,1.3416407864998727,-1.2503484891927437
-1.7142983581023636,-0.5751770533131233,-0.509002756126882,-1.3416407864998745,-1.2503484891927439
-1.714298358102364,-0.5751770533131246,-0.5090027561268825,-0.44721359549995865,-1.2503484891927439
-1.714298358102364,-0.575177053313126,-0.5090027561268833,0.44721359549995726,-1.2503484891927437
-1.7142983581023632,-0.5751770533131271,-0.5090027561268842,1.3416407864998727,-1.2503484891927439
-1.976418868721512,0.06126892955220935,-0.5090027561268802,-1.3416407864998738,-1.2503484891927437
-1.976418868721512,0.061268929552208154,-0.5090027561268808,-0.44721359549995787,-1.2503484891927439
-1.976418868721512,0.061268929552207,-0.5090027561268816,0.44721359549995787,-1.2503484891927437
-1.9764188687215116,0.06126892955220552,-0.509002756126882,1.3416407864998738,-1.2503484891927439
-2.1916225276052237,0.6745630855825064,-0.5090027561268785,-1.3416407864998736,-1.2503484891927439
-2.1916225276052237,0.6745630855825049,-0.5090027561268791,-0.4472135954999576,-1.2503484891927437
-2.1916225276052232,0.6745630855825036,-0.5090027561268795,0.44721359549995826,-1.250348489192744
-2.1916225276052232,0.6745630855825024,-0.5090027561268801,1.3416407864998738,-1.250348489192744
-2.4068261864889346,1.2878572416128036,-0.5090027561268765,-1.341640786499873,-1.250348489192744
-2.406826186488934,1.2878572416128027,-0.5090027561268773,-0.4472135954999574,-1.250348489192744
-2.406826186488934,1.2878572416128014,-0.5090027561268778,0.44721359549995854,-1.250348489192744
-2.406826186488934,1.2878572416128,-0.5090027561268786,1.3416407864998743,-1.2503484891927448
3.128954154059016,-0.9023734320908458,-0.9652155149366433,-1.3416407864998752,-0.7941357303829826
3.128954154059016,-0.9023734320908469,-0.9652155149366437,-0.4472135954999589,-0.7941357303829824
3.1289541540590156,-0.9023734320908485,-0.9652155149366444,0.44721359549995693,-0.7941357303829826
3.128954154059016,-0.9023734320908493,-0.9652155149366449,1.3416407864998727,-0.7941357303829824
2.355561847192344,-0.1416672602209597,-0.9652155149366409,-1.3416407864998743,-0.7941357303829827
2.3555618471923445,-0.1416672602209607,-0.9652155149366416,-0.44721359549995826,-0.7941357303829827
2.3555618471923436,-0.14166726022096243,-0.965215514936642,0.4472135954999575,-0.7941357303829827
2.3555618471923436,-0.14166726022096357,-0.9652155149366428,1.3416407864998736,-0.794135730382983
1.7358893205227581,-0.5990483455822946,-0.9652155149366426,-1.3416407864998752,-0.7941357303829821
1.7358893205227572,-0.5990483455822957,-0.9652155149366435,-0.4472135954999591,-0.7941357303829821
1.7358893205227577,-0.5990483455822975,-0.9652155149366441,0.4472135954999566,-0.7941357303829827
1.7358893205227577,-0.5990483455822985,-0.9652155149366446,1.3416407864998725,-0.7941357303829824
1.4268519581681727,0.060549464118074596,-0.9652155149366409,-1.3416407864998745,-0.7941357303829824
1.4268519581681722,0.06054946411807298,-0.9652155149366414,-0.44721359549995837,-0.7941357303829821
1.4268519581681727,0.06054946411807196,-0.9652155149366418,0.4472135954999575,-0.7941357303829827
1.426851958168173,0.06054946411807062,-0.9652155149366426,1.3416407864998732,-0.7941357303829827
1.1647314475490245,0.6969954469834074,-0.9652155149366386,-1.3416407864998743,-0.7941357303829827
1.1647314475490245,0.6969954469834059,-0.965215514936639,-0.44721359549995787,-0.7941357303829827
1.1647314475490247,0.6969954469834048,-0.9652155149366399,0.447213595499958,-0.7941357303829829
1.1647314475490242,0.6969954469834035,-0.9652155149366403,1.3416407864998738,-0.7941357303829827
1.2132461012448765,2.4504203249104437,-0.9652155149366325,-1.3416407864998712,-0.7941357303829837
1.2132461012448765,2.4504203249104433,-0.9652155149366332,-0.4472135954999555,-0.7941357303829834
1.213246101244877,2.450420324910442,-0.9652155149366339,0.44721359549996076,-0.7941357303829834
1.213246101244877,2.4504203249104397,-0.9652155149366342,1.3416407864998763,-0.7941357303829832
-1.236974188599504,-1.8249171922087524,-0.9652155149366465,-1.3416407864998756,-0.7941357303829826
-1.236974188599504,-1.8249171922087537,-0.965215514936647,-0.4472135954999596,-0.7941357303829824
-1.2369741885995038,-1.824917192208755,-0.9652155149366475,0.4472135954999562,-0.7941357303829821
-1.2369741885995038,-1.8249171922087557,-0.9652155149366481,1.3416407864998718,-0.7941357303829821
-1.4990946992186525,-1.1884712093434189,-0.9652155149366444,-1.341640786499875,-0.7941357303829824
-1.4990946992186527,-1.1884712093434202,-0.9652155149366451,-0.4472135954999591,-0.7941357303829826
-1.4990946992186525,-1.1884712093434213,-0.9652155149366454,0.4472135954999568,-0.7941357303829824
-1.4990946992186525,-1.1884712093434229,-0.9652155149366463,1.3416407864998727,-0.7941357303829826
-1.714298358102364,-0.5751770533131222,-0.9652155149366424,-1.3416407864998743,-0.7941357303829821
-1.7142983581023636,-0.5751770533131231,-0.9652155149366428,-0.44721359549995865,-0.7941357303829821
-1.7142983581023632,-0.5751770533131244,-0.9652155149366439,0.4472135954999571,-0.7941357303829826
-1.7142983581023632,-0.5751770533131255,-0.9652155149366447,1.3416407864998727,-0.7941357303829827
-1.976418868721512,0.061268929552211235,-0.96521551493664,-1.341640786499874,-0.7941357303829826
-1.9764188687215125,0.06126892955220958,-0.9652155149366407,-0.44721359549995804,-0.7941357303829826
-1.9764188687215116,0.06126892955220847,-0.9652155149366414,0.44721359549995787,-0.7941357303829826
-1.9764188687215114,0.06126892955220733,-0.9652155149366424,1.3416407864998736,-0.794135730382983
-2.1916225276052232,0.6745630855825081,-0.9652155149366386,-1.341640786499874,-0.7941357303829827
-2.1916225276052232,0.6745630855825065,-0.965215514936639,-0.4472135954999576,-0.7941357303829824
-2.191622527605223,0.6745630855825053,-0.9652155149366399,0.44721359549995826,-0.7941357303829827
-2.1916225276052232,0.674563085582504,-0.9652155149366409,1.3416407864998738,-0.7941357303829832
-2.406826186488934,1.2878572416128051,-0.9652155149366367,-1.3416407864998732,-0.7941357303829829
-2.4068261864889333,1.2878572416128042,-0.9652155149366374,-0.4472135954999576,-0.7941357303829827
-2.4068261864889346,1.2878572416128025,-0.9652155149366382,0.44721359549995854,-0.7941357303829829
-2.4068261864889346,1.287857241612802,-0.965215514936639,1.3416407864998743,-0.7941357303829832
3.128954154059016,-0.902373432090844,-1.4214282737464037,-1.3416407864998754,-0.3379229715732215
3.128954154059016,-0.9023734320908455,-1.4214282737464041,-0.44721359549995904,-0.33792297157322126
3.1289541540590156,-0.9023734320908476,-1.4214282737464046,0.4472135954999567,-0.33792297157322115
3.128954154059016,-0.9023734320908482,-1.4214282737464048,1.341640786499873,-0.33792297157322115
2.3555618471923445,-0.1416672602209581,-1.4214282737464015,-1.3416407864998743,-0.3379229715732213
2.3555618471923445,-0.14166726022095927,-1.421428273746402,-0.44721359549995837,-0.33792297157322143
2.355561847192344,-0.14166726022096032,-1.4214282737464026,0.4472135954999576,-0.33792297157322176
2.3555618471923445,-0.14166726022096215,-1.4214282737464032,1.3416407864998734,-0.33792297157322165
1.7358893205227581,-0.5990483455822928,-1.421428273746403,-1.3416407864998754,-0.33792297157322077
1.7358893205227577,-0.5990483455822941,-1.4214282737464041,-0.4472135954999595,-0.3379229715732212
1.7358893205227584,-0.5990483455822952,-1.4214282737464046,0.44721359549995643,-0.33792297157322115
1.7358893205227581,-0.5990483455822967,-1.4214282737464055,1.3416407864998727,-0.3379229715732213
1.426851958168173,0.060549464118076136,-1.4214282737464012,-1.3416407864998747,-0.33792297157322115
1.426851958168173,0.06054946411807457,-1.4214282737464017,-0.4472135954999584,-0.33792297157322126
1.4268519581681731,0.060549464118073715,-1.4214282737464021,0.4472135954999572,-0.33792297157322165
1.4268519581681727,0.060549464118072174,-1.4214282737464026,1.3416407864998732,-0.3379229715732212
1.1647314475490242,0.6969954469834089,-1.4214282737463992,-1.341640786499874,-0.33792297157322115
1.1647314475490245,0.6969954469834074,-1.4214282737463995,-0.44721359549995787,-0.3379229715732214
1.1647314475490245,0.6969954469834064,-1.4214282737464006,0.447213595499958,-0.33792297157322154
1.1647314475490247,0.6969954469834045,-1.4214282737464004,1.341640786499874,-0.33792297157322115
1.2132461012448768,2.4504203249104455,-1.421428273746393,-1.3416407864998714,-0.3379229715732219
1.2132461012448772,2.450420324910445,-1.421428273746394,-0.4472135954999563,-0.33792297157322226
1.2132461012448774,2.4504203249104433,-1.4214282737463944,0.44721359549996054,-0.33792297157322243
1.213246101244877,2.4504203249104406,-1.4214282737463941,1.3416407864998763,-0.3379229715732218
-1.2369741885995038,-1.8249171922087506,-1.4214282737464068,-1.3416407864998756,-0.33792297157322093
-1.2369741885995043,-1.8249171922087517,-1.421428273746407,-0.4472135954999597,-0.337922971573221
-1.2369741885995038,-1.824917192208753,-1.4214282737464077,0.44721359549995604,-0.33792297157322104
-1.2369741885995038,-1.8249171922087544,-1.4214282737464083,1.3416407864998718,-0.33792297157322093
-1.4990946992186525,-1.1884712093434173,-1.4214282737464046,-1.341640786499875,-0.33792297157322115
-1.4990946992186525,-1.1884712093434189,-1.4214282737464052,-0.4472135954999591,-0.33792297157322126
-1.4990946992186522,-1.18847120934342,-1.4214282737464057,0.44721359549995643,-0.33792297157322115
-1.4990946992186522,-1.1884712093434209,-1.4214282737464063,1.3416407864998727,-0.3379229715732213
-1.714298358102364,-0.5751770533131201,-1.4214282737464026,-1.3416407864998745,-0.3379229715732211
-1.7142983581023632,-0.5751770533131217,-1.421428273746403,-0.44721359549995865,-0.337922971573221
-1.7142983581023636,-0.5751770533131229,-1.421428273746404,0.447213595499957,-0.33792297157322115
-1.7142983581023636,-0.5751770533131243,-1.4214282737464043,1.3416407864998727,-0.33792297157322115
-1.976418868721512,0.061268929552212394,-1.4214282737464006,-1.3416407864998738,-0.33792297157322093
-1.9764188687215114,0.0612689295522115,-1.4214282737464015,-0.44721359549995837,-0.3379229715732213
-1.976418868721511,0.0612689295522103,-1.4214282737464021,0.44721359549995765,-0.33792297157322143
-1.9764188687215114,0.06126892955220864,-1.4214282737464021,1.3416407864998734,-0.3379229715732213
-2.1916225276052224,0.6745630855825098,-1.421428273746399,-1.341640786499874,-0.33792297157322143
-2.1916225276052224,0.6745630855825083,-1.4214282737463995,-0.44721359549995776,-0.3379229715732213
-2.191622527605223,0.674563085582507,-1.4214282737464004,0.447213595499958,-0.33792297157322143
-2.1916225276052232,0.6745630855825052,-1.4214282737464004,1.3416407864998738,-0.33792297157322104
-2.4068261864889346,1.287857241612807,-1.421428273746397,-1.341640786499873,-0.33792297157322143
-2.406826186488934,1.287857241612806,-1.4214282737463975,-0.4472135954999575,-0.3379229715732214
-2.4068261864889346,1.2878572416128042,-1.4214282737463984,0.44721359549995815,-0.33792297157322154
-2.406826186488934,1.2878572416128025,-1.4214282737463984,1.3416407864998745,-0.33792297157322104
3.128954154059015,-0.9023734320908426,-1.8776410325561637,-1.3416407864998747,0.11828978723654006
3.128954154059015,-0.9023734320908445,-1.8776410325561643,-0.4472135954999592,0.11828978723654004
3.1289541540590156,-0.9023734320908453,-1.877641032556165,0.4472135954999567,0.11828978723653982
3.128954154059016,-0.9023734320908465,-1.8776410325561657,1.3416407864998727,0.1182897872365402
2.355561847192344,-0.14166726022095646,-1.8776410325561612,-1.3416407864998738,0.11828978723653998
2.355561847192344,-0.14166726022095744,-1.8776410325561623,-0.4472135954999584,0.11828978723653981
2.3555618471923445,-0.1416672602209595,-1.8776410325561625,0.44721359549995726,0.11828978723653968
2.3555618471923445,-0.14166726022096046,-1.8776410325561628,1.3416407864998736,0.11828978723654021
1.7358893205227584,-0.5990483455822911,-1.8776410325561637,-1.3416407864998756,0.11828978723654025
1.7358893205227588,-0.5990483455822924,-1.8776410325561639,-0.4472135954999593,0.11828978723654038
1.7358893205227581,-0.5990483455822944,-1.877641032556164,0.4472135954999562,0.11828978723654056
1.7358893205227581,-0.5990483455822954,-1.877641032556165,1.3416407864998725,0.11828978723654028
1.4268519581681727,0.060549464118078045,-1.8776410325561614,-1.3416407864998747,0.11828978723653992
1.4268519581681727,0.06054946411807635,-1.8776410325561619,-0.44721359549995854,0.1182897872365402
1.426851958168173,0.060549464118075304,-1.8776410325561628,0.4472135954999572,0.11828978723653989
1.4268519581681731,0.06054946411807363,-1.8776410325561625,1.3416407864998727,0.11828978723653988
1.164731447549025,0.696995446983411,-1.8776410325561594,-1.3416407864998743,0.11828978723653968
1.1647314475490247,0.6969954469834094,-1.87764103255616,-0.44721359549995804,0.11828978723653953
1.1647314475490251,0.6969954469834082,-1.8776410325561603,0.4472135954999575,0.11828978723653968
1.1647314475490251,0.6969954469834065,-1.8776410325561605,1.3416407864998734,0.11828978723653996
1.2132461012448772,2.4504203249104473,-1.8776410325561532,-1.3416407864998714,0.11828978723653895
1.2132461012448772,2.4504203249104464,-1.8776410325561534,-0.44721359549995515,0.11828978723653961
1.213246101244877,2.4504203249104446,-1.8776410325561546,0.44721359549996037,0.11828978723653906
1.2132461012448772,2.4504203249104437,-1.8776410325561554,1.341640786499876,0.11828978723653953
-1.2369741885995038,-1.8249171922087488,-1.8776410325561668,-1.3416407864998756,0.11828978723654038
-1.2369741885995034,-1.82491719220875,-1.8776410325561672,-0.4472135954999598,0.11828978723654045
-1.2369741885995038,-1.8249171922087515,-1.8776410325561677,0.4472135954999558,0.11828978723654064
-1.2369741885995034,-1.8249171922087526,-1.8776410325561685,1.3416407864998714,0.11828978723654038
-1.4990946992186525,-1.1884712093434153,-1.8776410325561652,-1.341640786499875,0.11828978723654014
-1.4990946992186525,-1.1884712093434173,-1.8776410325561654,-0.4472135954999592,0.11828978723654014
-1.499094699218652,-1.1884712093434184,-1.8776410325561657,0.44721359549995643,0.11828978723654042
-1.499094699218652,-1.1884712093434195,-1.877641032556167,1.3416407864998727,0.11828978723654025
-1.7142983581023636,-0.5751770533131184,-1.8776410325561632,-1.341640786499875,0.11828978723653978
-1.7142983581023632,-0.5751770533131197,-1.8776410325561639,-0.4472135954999589,0.11828978723653996
-1.7142983581023632,-0.5751770533131211,-1.8776410325561643,0.4472135954999567,0.11828978723653973
-1.714298358102363,-0.5751770533131225,-1.8776410325561652,1.3416407864998732,0.11828978723654
-1.9764188687215116,0.06126892955221389,-1.8776410325561605,-1.3416407864998738,0.11828978723654017
-1.976418868721511,0.061268929552212935,-1.8776410325561617,-0.44721359549995826,0.1182897872365397
-1.9764188687215116,0.061268929552211485,-1.8776410325561619,0.4472135954999576,0.1182897872365403
-1.9764188687215105,0.06126892955221056,-1.877641032556163,1.3416407864998736,0.11828978723653955
-2.1916225276052224,0.6745630855825113,-1.8776410325561592,-1.341640786499874,0.11828978723653955
-2.191622527605223,0.6745630855825101,-1.8776410325561599,-0.44721359549995826,0.11828978723653961
-2.191622527605223,0.6745630855825091,-1.8776410325561608,0.44721359549995787,0.1182897872365397
-2.1916225276052224,0.6745630855825073,-1.877641032556161,1.3416407864998736,0.11828978723653978
-2.406826186488934,1.2878572416128087,-1.8776410325561572,-1.3416407864998732,0.11828978723654
-2.406826186488934,1.2878572416128078,-1.8776410325561579,-0.4472135954999576,0.11828978723653988
-2.4068261864889338,1.287857241612806,-1.8776410325561588,0.44721359549995837,0.11828978723653981
-2.406826186488934,1.287857241612805,-1.8776410325561594,1.3416407864998743,0.11828978723654006
